steps,trial_0,trial_1,trial_2,trial_3,trial_4
0.0,697.8894653320312,643.15673828125,630.164794921875,630.6861572265625,688.7125244140625
63.1578947368421,697.8894653320312,643.15673828125,630.164794921875,630.6861572265625,688.7125244140625
126.3157894736842,784.5555901327659,726.1981671419312,707.3690501785424,704.0038815907616,754.5067361458001
189.4736842105263,845.5085861561395,793.3290926920673,783.7713518189989,760.3766163248278,819.0248699327641
252.6315789473684,891.9834930632991,844.2289451116155,829.1474199819215,815.4184973260631,850.8546885012806
315.7894736842105,910.2582099200008,882.5120908617952,876.1514367130131,864.7909709798025,884.1445796344052
378.9473684210526,914.991456291545,899.7907174389068,898.9688625472428,899.1908924042732,901.482715326184
442.10526315789474,911.8722963209099,907.6893563498974,909.7547752065594,910.2807720122805,905.3226215916932
505.2631578947368,,911.7107429579394,,,911.8506652086882
568.421052631579,,,,,
631.578947368421,,,,,
694.7368421052631,,,,,
757.8947368421052,,,,,
821.0526315789473,,,,,
884.2105263157895,,,,,
947.3684210526316,,,,,
1010.5263157894736,,,,,
1073.6842105263158,,,,,
1136.842105263158,,,,,
1200.0,,,,,
