steps,trial_0,trial_1,trial_2,trial_3,trial_4
0.0,977.9097900390624,976.6759033203124,965.2152099609376,976.8848266601562,977.9410400390624
63.1578947368421,977.9097900390624,976.6759033203124,965.2152099609376,976.8848266601562,977.9410400390624
126.3157894736842,979.8155976697423,980.8246223653706,978.2022288998537,978.5549457263535,977.6363406427649
189.4736842105263,983.1399386146014,984.0402767946658,982.3308628689795,983.8341927619974,983.0273088273561
252.6315789473684,983.3326176500849,985.7597765934904,983.4116251799846,985.1206676543342,984.894301416094
315.7894736842105,986.3991838856896,986.6723959471013,985.5983016655302,985.6913081475219,984.7954260957302
378.9473684210526,987.4507674763508,988.4079523908352,986.5515553209551,984.8378495267352,988.3237408718517
442.10526315789474,986.0106826930017,986.8440121332949,985.1008213606656,988.0238593057098,986.8350575610699
505.2631578947368,981.0944773008965,987.2140917587682,984.7505578347608,986.6629488485117,987.0160603510398
568.421052631579,,,,,
631.578947368421,,,,,
694.7368421052631,,,,,
757.8947368421052,,,,,
821.0526315789473,,,,,
884.2105263157895,,,,,
947.3684210526316,,,,,
1010.5263157894736,,,,,
1073.6842105263158,,,,,
1136.842105263158,,,,,
1200.0,,,,,
